,query_number,doc_number,score,pred_label
1789,1102400,49138,0.6596536,1
1800,1102400,311205,0.65780723,1
1812,1102400,469969,0.6540486,1
1794,1102400,215343,0.6522796,1
1806,1102400,414267,0.6509166,1
1790,1102400,81988,0.6503532,1
1793,1102400,185916,0.6474733,1
1804,1102400,380660,0.6431995,1
1786,1102400,13878,0.6425953,1
1807,1102400,419322,0.6413987,1
1810,1102400,441318,0.6377375,0
1791,1102400,175487,0.63265157,0
1801,1102400,330921,0.6286152,0
1809,1102400,436764,0.62424713,0
1788,1102400,21811,0.6180778,0
1799,1102400,284098,0.6143708,0
1802,1102400,357384,0.6116909,0
1784,1102400,4761,0.60896105,0
1785,1102400,13485,0.60730547,0
1803,1102400,377457,0.59796166,0
1795,1102400,217955,0.5944155,0
1792,1102400,175761,0.5940828,0
1805,1102400,385137,0.5936931,0
1797,1102400,231405,0.58722895,0
1811,1102400,466101,0.582786,0
1796,1102400,221900,0.5788065,0
1808,1102400,428852,0.5661188,0
1787,1102400,18115,0.56508553,0
1798,1102400,258490,0.522269,0
1759,1102390,162551,0.7176265,1
1767,1102390,343040,0.6978859,1
1766,1102390,316794,0.6917954,1
1752,1102390,15276,0.6911027,1
1775,1102390,433440,0.6873812,1
1765,1102390,271744,0.68680906,1
1773,1102390,385122,0.6822592,1
1780,1102390,466570,0.6808233,1
1756,1102390,123382,0.6778885,1
1761,1102390,238995,0.6765734,1
1755,1102390,91649,0.6715959,1
1754,1102390,73937,0.67128736,1
1758,1102390,144351,0.6665975,1
1760,1102390,232864,0.66608196,1
1770,1102390,355315,0.66463804,1
1781,1102390,482753,0.66426533,1
1774,1102390,410673,0.66387355,1
1772,1102390,358903,0.66130316,1
1757,1102390,132145,0.66106236,1
1768,1102390,350344,0.6603029,1
1783,1102390,498156,0.65368503,1
1763,1102390,245206,0.65365785,1
1769,1102390,353891,0.65354806,1
1771,1102390,356203,0.6481354,1
1764,1102390,264082,0.6477047,1
1779,1102390,459552,0.6447995,1
1762,1102390,243275,0.6430288,1
1778,1102390,456834,0.6367971,0
1782,1102390,483967,0.6142365,0
1753,1102390,54464,0.6116048,0
1777,1102390,456238,0.5993523,0
1776,1102390,434230,0.597107,0
1729,1102351,107923,0.6809502,1
1747,1102351,442794,0.6781645,1
1740,1102351,268515,0.6752636,1
1748,1102351,452906,0.6737324,1
1722,1102351,42794,0.6675685,1
1724,1102351,59204,0.66116774,1
1736,1102351,200990,0.6588635,1
1734,1102351,163730,0.65452474,1
1731,1102351,121340,0.64866155,1
1741,1102351,274349,0.6452868,1
1745,1102351,390871,0.64521646,1
1720,1102351,33216,0.6451645,1
1732,1102351,142953,0.6437471,1
1735,1102351,194953,0.6404828,1
1739,1102351,234706,0.64023167,1
1749,1102351,476145,0.6301882,0
1725,1102351,77803,0.623881,0
1730,1102351,111894,0.62372816,0
1751,1102351,489492,0.6224994,0
1746,1102351,411278,0.6158567,0
1737,1102351,215634,0.60590744,0
1743,1102351,332057,0.59931463,0
1750,1102351,489281,0.5946393,0
1744,1102351,371518,0.59427404,0
1723,1102351,47219,0.592417,0
1738,1102351,219052,0.5912587,0
1726,1102351,79658,0.5889333,0
1728,1102351,90735,0.58580816,0
1742,1102351,311073,0.5761865,0
1721,1102351,36748,0.5729463,0
1727,1102351,88990,0.559996,0
1733,1102351,147686,0.54637104,0
1692,1102335,70235,0.7097815,1
1704,1102335,293817,0.6815482,1
1701,1102335,256020,0.6687752,1
1693,1102335,71044,0.6613915,1
1711,1102335,411532,0.64884543,1
1709,1102335,380791,0.6476999,1
1719,1102335,501132,0.64352626,1
1694,1102335,83857,0.6348499,0
1695,1102335,93101,0.6286388,0
1699,1102335,227881,0.62863225,0
1715,1102335,433382,0.6215925,0
1712,1102335,412491,0.620009,0
1718,1102335,473163,0.6192184,0
1706,1102335,324180,0.61871135,0
1714,1102335,424411,0.6162671,0
1708,1102335,375373,0.6146788,0
1713,1102335,412879,0.6141798,0
1717,1102335,459921,0.61188704,0
1702,1102335,258175,0.61082494,0
1700,1102335,233844,0.6087257,0
1707,1102335,348649,0.6072269,0
1703,1102335,261302,0.60550636,0
1691,1102335,24810,0.59885997,0
1716,1102335,438714,0.5971437,0
1710,1102335,394051,0.5940865,0
1696,1102335,106840,0.5805984,0
1698,1102335,224205,0.5800144,0
1697,1102335,203615,0.57499677,0
1705,1102335,312088,0.55027634,0
1664,1102330,77654,0.6876216,1
1668,1102330,139511,0.68127805,1
1666,1102330,112269,0.6780766,1
1679,1102330,384231,0.67351043,1
1682,1102330,389169,0.664255,1
1686,1102330,439561,0.664255,1
1676,1102330,314778,0.65482223,1
1680,1102330,385510,0.6535586,1
1663,1102330,10661,0.65333927,1
1678,1102330,373996,0.65314835,1
1677,1102330,336573,0.65284115,1
1685,1102330,430456,0.65275913,1
1683,1102330,395750,0.64182204,1
1675,1102330,291413,0.6392654,0
1665,1102330,100945,0.6360751,0
1672,1102330,188302,0.6352012,0
1690,1102330,501104,0.6324934,0
1687,1102330,447087,0.6320666,0
1671,1102330,175575,0.62983286,0
1689,1102330,491471,0.6291544,0
1674,1102330,231567,0.62884927,0
1669,1102330,152794,0.6283818,0
1670,1102330,159445,0.6253837,0
1673,1102330,226543,0.6215977,0
1667,1102330,114482,0.6164638,0
1684,1102330,419158,0.6150235,0
1681,1102330,386919,0.61331135,0
1688,1102330,471268,0.57789564,0
1661,1102325,494010,0.6867024,1
1642,1102325,158517,0.6739046,1
1656,1102325,368710,0.6692987,1
1650,1102325,258534,0.6674102,1
1643,1102325,168242,0.665151,1
1638,1102325,66632,0.652865,1
1658,1102325,399406,0.6480456,1
1636,1102325,34259,0.6474254,1
1639,1102325,101021,0.6417939,1
1634,1102325,3579,0.6401175,1
1646,1102325,221118,0.6386047,0
1654,1102325,321351,0.63437825,0
1651,1102325,260456,0.632677,0
1645,1102325,195655,0.62726086,0
1640,1102325,118553,0.6257921,0
1641,1102325,136364,0.6256694,0
1655,1102325,325778,0.624825,0
1637,1102325,56717,0.62354916,0
1649,1102325,256577,0.6188384,0
1657,1102325,381641,0.617918,0
1647,1102325,237416,0.61722785,0
1652,1102325,292714,0.61556786,0
1659,1102325,445415,0.6151948,0
1660,1102325,454822,0.6145713,0
1635,1102325,22166,0.6099067,0
1662,1102325,497434,0.5923668,0
1653,1102325,305303,0.58610654,0
1648,1102325,243228,0.5640917,0
1644,1102325,170329,0.5143169,0
1608,1102300,39419,0.71068484,1
1630,1102300,448529,0.678941,1
1616,1102300,181534,0.66612613,1
1625,1102300,336089,0.6617453,1
1615,1102300,177111,0.6543818,1
1620,1102300,231504,0.6538467,1
1633,1102300,490516,0.65050244,1
1619,1102300,216648,0.6497316,1
1622,1102300,286470,0.6487336,1
1614,1102300,166223,0.6467225,1
1618,1102300,201796,0.64258474,1
1609,1102300,69593,0.6409022,1
1628,1102300,415934,0.6406394,1
1617,1102300,185717,0.6400314,1
1607,1102300,32124,0.6397967,0
1624,1102300,314971,0.6369784,0
1611,1102300,113115,0.63566643,0
1605,1102300,3150,0.63380516,0
1626,1102300,350570,0.6331349,0
1606,1102300,15660,0.63275534,0
1621,1102300,261531,0.6317821,0
1612,1102300,125407,0.62979853,0
1623,1102300,310243,0.62977165,0
1610,1102300,79267,0.6232016,0
1627,1102300,415042,0.6164149,0
1629,1102300,428176,0.60024226,0
1631,1102300,451401,0.5880479,0
1613,1102300,141625,0.57683843,0
1632,1102300,460082,0.54830897,0
1603,1102240,472102,0.6796314,1
1581,1102240,113778,0.67637855,1
1584,1102240,138490,0.6732871,1
1599,1102240,333613,0.6616676,1
1596,1102240,302930,0.6594686,1
1598,1102240,319898,0.6594686,1
1586,1102240,171346,0.65508294,1
1595,1102240,297022,0.65091294,1
1589,1102240,202728,0.6474873,1
1580,1102240,112360,0.64668095,1
1597,1102240,312236,0.6434215,1
1582,1102240,126200,0.64184856,1
1583,1102240,131382,0.64160615,1
1593,1102240,252202,0.631542,0
1601,1102240,382366,0.6308393,0
1579,1102240,81193,0.6297487,0
1585,1102240,155906,0.6247792,0
1594,1102240,281106,0.62398034,0
1602,1102240,384199,0.6199676,0
1577,1102240,14730,0.6066198,0
1604,1102240,489045,0.60466194,0
1600,1102240,360394,0.59795797,0
1578,1102240,17567,0.5949008,0
1592,1102240,239952,0.5947441,0
1590,1102240,213790,0.59210336,0
1576,1102240,5173,0.5905252,0
1587,1102240,178126,0.58179873,0
1591,1102240,224136,0.53814745,0
1588,1102240,194968,0.5270285,0
1550,1102206,49211,0.70534194,1
1571,1102206,430436,0.6903454,1
1565,1102206,339814,0.67248,1
1549,1102206,38855,0.6711563,1
1557,1102206,250307,0.6609905,1
1552,1102206,90278,0.6529057,1
1562,1102206,313591,0.6389677,0
1566,1102206,356338,0.6370982,0
1573,1102206,445742,0.6359003,0
1553,1102206,129529,0.6316682,0
1561,1102206,307187,0.63080657,0
1546,1102206,27174,0.62697536,0
1554,1102206,136999,0.6171724,0
1560,1102206,297479,0.60861117,0
1551,1102206,68247,0.6084516,0
1572,1102206,438008,0.6052046,0
1555,1102206,214606,0.60350996,0
1574,1102206,447307,0.5970395,0
1570,1102206,416773,0.5875606,0
1556,1102206,247454,0.5809998,0
1568,1102206,409347,0.5795281,0
1564,1102206,333740,0.5782127,0
1567,1102206,368032,0.57401985,0
1547,1102206,30358,0.57077307,0
1559,1102206,256359,0.56389695,0
1575,1102206,480625,0.55976444,0
1569,1102206,410960,0.53734607,0
1563,1102206,331035,0.5317171,0
1548,1102206,31199,0.5308783,0
1558,1102206,255853,0.44187453,0
1545,1102177,453683,0.72761226,1
1523,1102177,123469,0.7066648,1
1517,1102177,61483,0.69810677,1
1521,1102177,103412,0.6742955,1
1535,1102177,313038,0.6712962,1
1536,1102177,339290,0.64942336,1
1542,1102177,378654,0.644446,1
1544,1102177,450766,0.6413331,1
1537,1102177,339720,0.63993955,0
1543,1102177,416030,0.63460857,0
1525,1102177,179016,0.6342135,0
1526,1102177,184776,0.6247823,0
1531,1102177,247560,0.61781543,0
1532,1102177,288034,0.60490614,0
1533,1102177,290767,0.595885,0
1529,1102177,227957,0.59455496,0
1541,1102177,373805,0.59407914,0
1516,1102177,37291,0.59226984,0
1520,1102177,82574,0.57428133,0
1519,1102177,73422,0.5675134,0
1534,1102177,309221,0.55310386,0
1518,1102177,62378,0.53116447,0
1527,1102177,185475,0.52644163,0
1538,1102177,344399,0.5259797,0
1524,1102177,155783,0.508576,0
1522,1102177,111423,0.490255,0
1530,1102177,228907,0.48960745,0
1528,1102177,209048,0.48441598,0
1540,1102177,361035,0.4765764,0
1539,1102177,355740,0.4765044,0
1515,1102177,7859,0.4598248,0
1498,1102163,259027,0.7223905,1
1501,1102163,279095,0.70732355,1
1511,1102163,468296,0.7001659,1
1496,1102163,253927,0.6946673,1
1502,1102163,279455,0.6940769,1
1490,1102163,124983,0.6930407,1
1505,1102163,347130,0.69036204,1
1487,1102163,12599,0.690085,1
1492,1102163,169482,0.68617487,1
1489,1102163,103657,0.68227345,1
1493,1102163,188692,0.67993146,1
1494,1102163,204797,0.6797399,1
1491,1102163,159876,0.67262673,1
1495,1102163,210341,0.67150795,1
1513,1102163,484838,0.67072946,1
1497,1102163,258491,0.6704296,1
1500,1102163,264534,0.66974485,1
1514,1102163,496851,0.6683632,1
1512,1102163,481218,0.6655766,1
1503,1102163,308754,0.6621443,1
1506,1102163,369045,0.66103053,1
1510,1102163,436952,0.65802056,1
1509,1102163,433413,0.6578999,1
1499,1102163,262613,0.6499437,1
1508,1102163,428924,0.6286417,0
1507,1102163,390138,0.6253032,0
1488,1102163,70071,0.61996853,0
1504,1102163,336474,0.603205,0
1474,1102121,272058,0.6672226,1
1479,1102121,327106,0.6672226,1
1469,1102121,195968,0.65302205,1
1462,1102121,137271,0.6523867,1
1483,1102121,383092,0.6516859,1
1460,1102121,48186,0.6481071,1
1466,1102121,171527,0.6462231,1
1476,1102121,310724,0.64524436,1
1477,1102121,311683,0.641652,1
1461,1102121,133472,0.6402674,1
1472,1102121,253690,0.6381881,0
1467,1102121,177498,0.63629985,0
1473,1102121,259733,0.63503027,0
1480,1102121,334305,0.63081354,0
1481,1102121,337366,0.6264952,0
1485,1102121,441067,0.6152309,0
1471,1102121,206155,0.613453,0
1459,1102121,27923,0.6098049,0
1484,1102121,435457,0.60623497,0
1478,1102121,312214,0.60580206,0
1465,1102121,167763,0.6044272,0
1463,1102121,142195,0.5967907,0
1475,1102121,291371,0.5891074,0
1482,1102121,379983,0.58554345,0
1486,1102121,461743,0.57724017,0
1470,1102121,199505,0.55541074,0
1468,1102121,178367,0.5497279,0
1464,1102121,157917,0.5430219,0
1441,1102028,198696,0.6794753,1
1452,1102028,381570,0.67462355,1
1436,1102028,114746,0.6681069,1
1440,1102028,197246,0.646565,1
1454,1102028,411244,0.62778145,0
1437,1102028,124109,0.61242795,0
1458,1102028,495494,0.60263073,0
1429,1102028,4411,0.60176593,0
1453,1102028,399757,0.59563726,0
1435,1102028,110622,0.59541017,0
1432,1102028,22206,0.59442884,0
1431,1102028,17707,0.591777,0
1449,1102028,321356,0.58872616,0
1433,1102028,56631,0.5754997,0
1430,1102028,9762,0.57413524,0
1456,1102028,450892,0.5740472,0
1442,1102028,211529,0.57318574,0
1457,1102028,475633,0.57259065,0
1438,1102028,169987,0.567034,0
1455,1102028,437241,0.56598115,0
1447,1102028,290422,0.55544925,0
1428,1102028,1338,0.5542926,0
1448,1102028,302288,0.5536921,0
1450,1102028,340061,0.55008435,0
1434,1102028,84003,0.54875153,0
1444,1102028,237452,0.5431961,0
1445,1102028,238920,0.5366625,0
1446,1102028,267113,0.5346317,0
1443,1102028,217359,0.5337592,0
1439,1102028,172074,0.50470454,0
1451,1102028,357961,0.47541612,0
1409,1102001,292954,0.7077578,1
1417,1102001,374627,0.68061066,1
1424,1102001,444092,0.6792036,1
1412,1102001,314780,0.67201304,1
1405,1102001,150344,0.6688788,1
1419,1102001,387006,0.66113293,1
1418,1102001,375467,0.6607461,1
1421,1102001,429513,0.6516479,1
1423,1102001,434701,0.6489888,1
1402,1102001,26609,0.6479441,1
1427,1102001,500709,0.64754206,1
1411,1102001,300418,0.64275515,1
1416,1102001,358453,0.6396298,0
1425,1102001,478466,0.62860596,0
1407,1102001,191905,0.6272373,0
1406,1102001,180689,0.61475205,0
1410,1102001,297058,0.61430573,0
1415,1102001,352398,0.6138547,0
1413,1102001,320939,0.60814035,0
1420,1102001,403925,0.5858693,0
1422,1102001,433451,0.57201576,0
1408,1102001,236242,0.56171757,0
1403,1102001,27570,0.5468032,0
1426,1102001,491081,0.5305145,0
1414,1102001,322032,0.46851262,0
1404,1102001,43704,0.44659865,0
1392,1101995,451282,0.7077514,1
1370,1101995,167432,0.70382226,1
1388,1101995,403928,0.7026843,1
1393,1101995,454569,0.70111334,1
1390,1101995,421161,0.69939184,1
1386,1101995,340502,0.6989034,1
1399,1101995,495636,0.6986107,1
1360,1101995,63848,0.69376427,1
1365,1101995,99864,0.6925357,1
1385,1101995,312589,0.69021815,1
1401,1101995,501664,0.68940395,1
1383,1101995,293817,0.6892671,1
1396,1101995,472102,0.68459463,1
1368,1101995,131964,0.68129754,1
1398,1101995,494134,0.6784705,1
1369,1101995,164948,0.6753578,1
1366,1101995,110776,0.6694944,1
1400,1101995,500441,0.6676967,1
1367,1101995,114294,0.6624878,1
1362,1101995,81853,0.66166747,1
1358,1101995,31402,0.65433925,1
1395,1101995,469740,0.65414697,1
1391,1101995,447424,0.6530242,1
1377,1101995,249894,0.6530079,1
1382,1101995,293293,0.6474576,1
1372,1101995,177822,0.64698017,1
1374,1101995,238897,0.6403265,1
1379,1101995,282647,0.63975483,0
1376,1101995,246063,0.6356757,0
1378,1101995,250769,0.6352645,0
1359,1101995,46555,0.62360775,0
1373,1101995,188316,0.6231315,0
1381,1101995,291359,0.6156398,0
1375,1101995,244119,0.61476755,0
1361,1101995,72414,0.6141408,0
1356,1101995,3825,0.61381036,0
1389,1101995,418424,0.6116641,0
1387,1101995,392912,0.6080159,0
1380,1101995,285785,0.60763484,0
1394,1101995,458669,0.59766716,0
1371,1101995,175218,0.59616613,0
1357,1101995,11042,0.57532567,0
1363,1101995,89452,0.5671676,0
1384,1101995,308847,0.5652168,0
1397,1101995,489799,0.5630957,0
1364,1101995,98232,0.546285,0
1352,1101977,429807,0.6745761,1
1350,1101977,374127,0.6719833,1
1338,1101977,156993,0.6716542,1
1351,1101977,379134,0.6632956,1
1329,1101977,20321,0.66306,1
1331,1101977,53019,0.66306,1
1343,1101977,216638,0.65775186,1
1349,1101977,359876,0.65739226,1
1334,1101977,91238,0.6498894,1
1337,1101977,136783,0.64635086,1
1346,1101977,278594,0.6457413,1
1344,1101977,224019,0.6451685,1
1347,1101977,278998,0.64016515,1
1339,1101977,182920,0.6382991,0
1340,1101977,198871,0.6382967,0
1345,1101977,267035,0.630897,0
1354,1101977,495858,0.62266636,0
1353,1101977,431229,0.62133163,0
1333,1101977,87933,0.619942,0
1341,1101977,199062,0.6195447,0
1342,1101977,200140,0.60773206,0
1332,1101977,82078,0.6071295,0
1355,1101977,499803,0.60417676,0
1336,1101977,97517,0.5944362,0
1335,1101977,96328,0.5731741,0
1330,1101977,21426,0.54529834,0
1348,1101977,317291,0.5434824,0
1325,1101871,452765,0.6924159,1
1323,1101871,393058,0.68603384,1
1306,1101871,44261,0.6831068,1
1310,1101871,101691,0.6760024,1
1301,1101871,4390,0.67046946,1
1316,1101871,192789,0.6572636,1
1318,1101871,303575,0.6532786,1
1311,1101871,132066,0.64791733,1
1305,1101871,26317,0.64385414,1
1314,1101871,170184,0.64178365,1
1321,1101871,385827,0.6342191,0
1307,1101871,72641,0.6311917,0
1304,1101871,19770,0.63110185,0
1327,1101871,484586,0.6212474,0
1302,1101871,6551,0.6163688,0
1328,1101871,492984,0.60768545,0
1319,1101871,339318,0.6052992,0
1313,1101871,160473,0.60478103,0
1303,1101871,9506,0.60133785,0
1312,1101871,143046,0.6012039,0
1324,1101871,428854,0.5968442,0
1309,1101871,87958,0.5883334,0
1315,1101871,177142,0.5859834,0
1317,1101871,266437,0.5744396,0
1308,1101871,79247,0.56484026,0
1326,1101871,471566,0.5630929,0
1322,1101871,391672,0.55406976,0
1320,1101871,357154,0.5176571,0
1268,1101870,15377,0.7219589,1
1284,1101870,260794,0.7204779,1
1292,1101870,346566,0.7090224,1
1274,1101870,58084,0.70490915,1
1282,1101870,218482,0.6820139,1
1286,1101870,271430,0.681809,1
1293,1101870,372320,0.6749797,1
1278,1101870,147848,0.6693399,1
1289,1101870,297727,0.66847616,1
1283,1101870,223180,0.66824573,1
1297,1101870,445479,0.6670767,1
1275,1101870,92587,0.6645678,1
1276,1101870,110881,0.6612108,1
1294,1101870,398505,0.65679634,1
1273,1101870,55989,0.6561159,1
1295,1101870,399225,0.65051824,1
1291,1101870,327347,0.6421957,1
1299,1101870,450651,0.64042735,1
1279,1101870,162993,0.63692087,0
1287,1101870,272219,0.6320047,0
1300,1101870,480904,0.63130796,0
1281,1101870,195661,0.6297098,0
1272,1101870,37876,0.62910473,0
1270,1101870,33751,0.62231886,0
1280,1101870,182419,0.62010837,0
1296,1101870,406983,0.61827534,0
1269,1101870,25585,0.61491585,0
1271,1101870,33952,0.61318654,0
1298,1101870,449473,0.6110801,0
1285,1101870,264041,0.6044667,0
1288,1101870,275746,0.5876852,0
1277,1101870,145734,0.58390176,0
1290,1101870,320959,0.55291003,0
1263,1101868,366843,0.70174026,1
1257,1101868,223180,0.6754611,1
1256,1101868,172945,0.67477643,1
1248,1101868,31343,0.67363393,1
1246,1101868,21626,0.6674226,1
1258,1101868,224957,0.65088534,1
1260,1101868,272219,0.6434853,1
1266,1101868,464226,0.64074445,1
1253,1101868,107798,0.63926727,0
1267,1101868,493904,0.6349427,0
1265,1101868,417437,0.63418484,0
1245,1101868,20147,0.63093656,0
1244,1101868,17917,0.62977046,0
1249,1101868,33751,0.62872654,0
1254,1101868,140542,0.62456805,0
1247,1101868,25585,0.62416565,0
1250,1101868,33952,0.6239298,0
1264,1101868,406983,0.6226627,0
1262,1101868,295621,0.607334,0
1261,1101868,275746,0.5986308,0
1259,1101868,252051,0.58946013,0
1252,1101868,103880,0.58649325,0
1255,1101868,145734,0.58131313,0
1243,1101868,16040,0.57496107,0
1251,1101868,73568,0.56572455,0
1213,1101861,114859,0.73344934,1
1215,1101861,164597,0.72462547,1
1208,1101861,21055,0.7190579,1
1211,1101861,34982,0.6730721,1
1219,1101861,191377,0.6678568,1
1239,1101861,455346,0.6642731,1
1242,1101861,493539,0.66405517,1
1220,1101861,196471,0.6601843,1
1222,1101861,218076,0.65834993,1
1218,1101861,186078,0.657045,1
1227,1101861,253475,0.65203226,1
1240,1101861,469649,0.6518259,1
1224,1101861,230865,0.6495723,1
1210,1101861,34771,0.64870954,1
1234,1101861,390710,0.6430176,1
1217,1101861,173665,0.6390977,0
1226,1101861,251870,0.6386127,0
1228,1101861,267919,0.62848437,0
1212,1101861,59133,0.62725496,0
1216,1101861,169898,0.6258052,0
1235,1101861,396065,0.6178529,0
1230,1101861,324971,0.61751765,0
1237,1101861,429195,0.6125844,0
1238,1101861,433486,0.61014676,0
1214,1101861,163630,0.6090219,0
1223,1101861,225293,0.60372186,0
1233,1101861,379877,0.59962654,0
1225,1101861,240080,0.5931472,0
1231,1101861,353611,0.59294623,0
1241,1101861,487620,0.5920239,0
1229,1101861,277781,0.5819418,0
1236,1101861,411226,0.5778942,0
1232,1101861,368454,0.5489568,0
1209,1101861,28529,0.5452495,0
1221,1101861,204762,0.52772015,0
1192,1101845,294919,0.75292647,1
1191,1101845,271753,0.7062171,1
1206,1101845,494356,0.69237006,1
1199,1101845,386502,0.6516457,1
1203,1101845,439042,0.64661473,1
1182,1101845,68768,0.6449913,1
1204,1101845,441774,0.6407833,1
1188,1101845,198104,0.6354086,0
1186,1101845,162362,0.63526225,0
1183,1101845,77126,0.63525516,0
1205,1101845,487887,0.63221014,0
1195,1101845,320798,0.632184,0
1201,1101845,407263,0.6302852,0
1184,1101845,77169,0.62746197,0
1198,1101845,380600,0.6251551,0
1180,1101845,37163,0.6207917,0
1187,1101845,166172,0.61878806,0
1207,1101845,498564,0.6181476,0
1185,1101845,106929,0.613396,0
1190,1101845,260437,0.6114453,0
1193,1101845,305125,0.6102314,0
1189,1101845,237773,0.60933137,0
1202,1101845,437114,0.6087492,0
1194,1101845,320477,0.6069501,0
1197,1101845,365730,0.6064402,0
1200,1101845,406831,0.5903396,0
1179,1101845,4142,0.58152866,0
1196,1101845,352467,0.58085006,0
1181,1101845,40880,0.5606033,0
1153,1101822,137851,0.68839854,1
1157,1101822,174847,0.6861729,1
1145,1101822,26208,0.6831457,1
1162,1101822,266654,0.6828313,1
1178,1101822,501270,0.68212265,1
1176,1101822,490437,0.6743675,1
1177,1101822,499172,0.66453946,1
1154,1101822,142749,0.6639471,1
1175,1101822,434447,0.6582429,1
1143,1101822,7853,0.64823145,1
1158,1101822,212592,0.64755076,1
1148,1101822,55883,0.6463942,1
1152,1101822,110064,0.64635795,1
1161,1101822,263711,0.6446138,1
1155,1101822,161224,0.6428611,1
1167,1101822,355492,0.6418561,1
1173,1101822,401012,0.64141876,1
1164,1101822,285340,0.64074343,1
1144,1101822,12662,0.6346089,0
1166,1101822,342218,0.63400084,0
1171,1101822,394684,0.6334922,0
1160,1101822,227227,0.631778,0
1172,1101822,400284,0.6317155,0
1146,1101822,28508,0.6275318,0
1147,1101822,48441,0.62476134,0
1149,1101822,83130,0.610247,0
1159,1101822,214650,0.6016685,0
1151,1101822,108173,0.59097373,0
1163,1101822,268865,0.58293337,0
1168,1101822,355968,0.5816097,0
1170,1101822,391299,0.5746164,0
1169,1101822,362597,0.56905615,0
1174,1101822,411197,0.55775154,0
1156,1101822,173282,0.5383453,0
1165,1101822,297332,0.5357476,0
1150,1101822,93136,0.47740155,0
1130,1101806,275266,0.75036985,1
1118,1101806,50413,0.7075575,1
1133,1101806,325102,0.6852518,1
1128,1101806,262938,0.66210204,1
1124,1101806,188688,0.66100603,1
1135,1101806,367745,0.6608039,1
1126,1101806,214797,0.6598725,1
1137,1101806,378370,0.65657353,1
1142,1101806,480681,0.6475771,1
1129,1101806,265307,0.6455475,1
1119,1101806,97684,0.6424798,1
1141,1101806,453185,0.64021456,1
1136,1101806,377826,0.6399867,0
1121,1101806,128902,0.63705784,0
1123,1101806,166434,0.6339468,0
1139,1101806,405523,0.63332736,0
1120,1101806,113888,0.63250804,0
1134,1101806,359579,0.62888986,0
1116,1101806,7950,0.62040937,0
1140,1101806,444151,0.61499023,0
1127,1101806,231474,0.61182755,0
1125,1101806,191293,0.5907195,0
1117,1101806,28444,0.58624125,0
1132,1101806,324336,0.57872784,0
1122,1101806,156992,0.5745993,0
1138,1101806,398943,0.53544813,0
1131,1101806,289560,0.5337418,0
1111,1101761,423069,0.72138363,1
1112,1101761,441905,0.72013295,1
1098,1101761,135363,0.7166295,1
1103,1101761,185033,0.7126691,1
1084,1101761,2995,0.707757,1
1086,1101761,52431,0.7070577,1
1091,1101761,98308,0.69708973,1
1094,1101761,110163,0.67697,1
1104,1101761,234987,0.67615527,1
1100,1101761,151963,0.6654331,1
1108,1101761,365945,0.6649883,1
1105,1101761,237377,0.66256124,1
1114,1101761,449264,0.66024303,1
1093,1101761,103825,0.65559834,1
1113,1101761,445380,0.65482235,1
1085,1101761,41564,0.65410966,1
1090,1101761,96047,0.65318054,1
1089,1101761,77584,0.6523353,1
1115,1101761,466186,0.648869,1
1102,1101761,167895,0.646986,1
1088,1101761,66220,0.6431115,1
1110,1101761,401220,0.64205223,1
1101,1101761,153277,0.6403428,1
1107,1101761,263747,0.63783234,0
1087,1101761,60280,0.6375879,0
1092,1101761,101038,0.62961805,0
1095,1101761,112030,0.6282119,0
1096,1101761,118366,0.6179803,0
1097,1101761,129325,0.61747015,0
1099,1101761,138262,0.5970553,0
1106,1101761,251671,0.53376406,0
1109,1101761,369789,0.45784026,0
1082,1101739,485337,0.66714513,1
1069,1101739,217305,0.6628781,1
1060,1101739,42831,0.65954345,1
1074,1101739,374391,0.65355957,1
1072,1101739,297740,0.651635,1
1080,1101739,468571,0.63421506,0
1076,1101739,394913,0.6252828,0
1071,1101739,272000,0.6206383,0
1061,1101739,52602,0.6206294,0
1067,1101739,189185,0.6097639,0
1070,1101739,255220,0.5957337,0
1068,1101739,205168,0.59233904,0
1057,1101739,8069,0.5917676,0
1059,1101739,16534,0.5899797,0
1062,1101739,69799,0.58682525,0
1066,1101739,176748,0.58578706,0
1081,1101739,477206,0.5809034,0
1073,1101739,332240,0.57507855,0
1077,1101739,405133,0.57243073,0
1063,1101739,88310,0.5706952,0
1064,1101739,88813,0.56812704,0
1065,1101739,104077,0.56385136,0
1058,1101739,9329,0.5627272,0
1078,1101739,409703,0.5568861,0
1075,1101739,376070,0.55470824,0
1079,1101739,430366,0.5368763,0
1083,1101739,493575,0.51340425,0
1053,1101723,441910,0.7176798,1
1041,1101723,270105,0.7047649,1
1037,1101723,190400,0.68502235,1
1026,1101723,28581,0.6814998,1
1047,1101723,359833,0.6794292,1
1036,1101723,181318,0.67622495,1
1044,1101723,334287,0.6685185,1
1048,1101723,377782,0.66824347,1
1055,1101723,480863,0.66527647,1
1042,1101723,297434,0.66070604,1
1050,1101723,383967,0.65545726,1
1051,1101723,399440,0.6552887,1
1054,1101723,480649,0.6537644,1
1046,1101723,351633,0.6532829,1
1032,1101723,101286,0.65153956,1
1034,1101723,132102,0.6460419,1
1038,1101723,219918,0.64417106,1
1023,1101723,10818,0.6424454,1
1043,1101723,327147,0.6348725,0
1039,1101723,226190,0.63219786,0
1029,1101723,63709,0.6271605,0
1056,1101723,498653,0.6261046,0
1030,1101723,64964,0.6245986,0
1031,1101723,90938,0.6131296,0
1045,1101723,345976,0.6104646,0
1040,1101723,230288,0.60698587,0
1035,1101723,144174,0.59942484,0
1049,1101723,378325,0.5968196,0
1033,1101723,130537,0.5898567,0
1052,1101723,431417,0.5809537,0
1024,1101723,17379,0.5476818,0
1028,1101723,57285,0.53022724,0
1027,1101723,48667,0.497209,0
1025,1101723,26990,0.44951475,0
1013,1101714,279004,0.6863177,1
1008,1101714,161058,0.6674467,1
1001,1101714,93300,0.6588277,1
1016,1101714,324045,0.65853256,1
998,1101714,76150,0.63751125,0
1004,1101714,131650,0.6334655,0
1006,1101714,149401,0.6264132,0
1019,1101714,345925,0.62630874,0
1017,1101714,329128,0.62092465,0
1020,1101714,387454,0.61542016,0
1014,1101714,300879,0.60732406,0
1002,1101714,102524,0.60727423,0
995,1101714,7190,0.6065861,0
1022,1101714,439578,0.60525334,0
1005,1101714,144158,0.6041139,0
997,1101714,52042,0.5999478,0
1015,1101714,304353,0.58628416,0
1011,1101714,271542,0.5779408,0
1021,1101714,395813,0.57730776,0
1012,1101714,278989,0.5769788,0
1009,1101714,203908,0.5767319,0
999,1101714,84878,0.57228166,0
996,1101714,10228,0.5626608,0
1010,1101714,243417,0.55578834,0
1003,1101714,117106,0.554773,0
1000,1101714,93020,0.55336714,0
1007,1101714,150880,0.5317415,0
1018,1101714,343751,0.5149914,0
990,1101706,401735,0.68772256,1
965,1101706,44175,0.67799443,1
985,1101706,315420,0.6776536,1
973,1101706,101499,0.6768511,1
975,1101706,155397,0.67650676,1
981,1101706,246450,0.67581797,1
970,1101706,85071,0.6743945,1
983,1101706,277275,0.6698695,1
992,1101706,476324,0.66827387,1
986,1101706,319394,0.6673031,1
984,1101706,314611,0.6600893,1
982,1101706,253893,0.6412842,1
987,1101706,358604,0.6384488,0
980,1101706,233291,0.6365776,0
989,1101706,399949,0.6336797,0
966,1101706,56721,0.6277985,0
971,1101706,94795,0.6260615,0
978,1101706,186859,0.62522185,0
988,1101706,382440,0.6182527,0
994,1101706,496080,0.61569256,0
974,1101706,126802,0.61226934,0
979,1101706,212753,0.606594,0
967,1101706,63177,0.6057108,0
968,1101706,66797,0.60177666,0
969,1101706,68335,0.5965867,0
964,1101706,24282,0.5901557,0
993,1101706,491855,0.5848946,0
972,1101706,95681,0.5649205,0
977,1101706,167766,0.546294,0
976,1101706,160671,0.5182744,0
991,1101706,402424,0.5106964,0
958,1101674,425156,0.6808493,1
956,1101674,412538,0.6650871,1
937,1101674,17884,0.6622533,1
955,1101674,409362,0.6609082,1
940,1101674,174845,0.6591962,1
953,1101674,361492,0.6553875,1
949,1101674,313525,0.65470475,1
944,1101674,267828,0.6508183,1
941,1101674,183434,0.6490021,1
942,1101674,232244,0.647237,1
951,1101674,352207,0.64494336,1
943,1101674,259846,0.6436972,1
948,1101674,312911,0.6408731,1
935,1101674,14408,0.6391799,0
961,1101674,451385,0.63698447,0
945,1101674,280521,0.63593596,0
954,1101674,384113,0.63420373,0
960,1101674,434632,0.63347787,0
963,1101674,496874,0.6299696,0
938,1101674,107828,0.6288658,0
936,1101674,16339,0.6265117,0
962,1101674,470575,0.624255,0
939,1101674,173515,0.6200983,0
952,1101674,354109,0.61823106,0
950,1101674,318774,0.61767554,0
946,1101674,288177,0.6159838,0
959,1101674,426170,0.61249906,0
957,1101674,424677,0.5889748,0
947,1101674,298061,0.5733152,0
902,1101670,180,0.77061164,1
927,1101670,347470,0.73646504,1
915,1101670,157195,0.7000343,1
930,1101670,408630,0.6931904,1
925,1101670,337859,0.6908347,1
904,1101670,3905,0.6907342,1
926,1101670,337971,0.6873486,1
912,1101670,90340,0.68255866,1
929,1101670,396680,0.67886126,1
905,1101670,10704,0.67687196,1
922,1101670,247096,0.6762697,1
919,1101670,183984,0.6750759,1
924,1101670,288190,0.6729073,1
932,1101670,459506,0.66751546,1
909,1101670,39929,0.6587056,1
923,1101670,279020,0.6572379,1
906,1101670,19983,0.64162254,1
918,1101670,180680,0.6358816,0
911,1101670,83720,0.6348989,0
921,1101670,205423,0.63444567,0
916,1101670,161002,0.63007355,0
913,1101670,100717,0.6276343,0
933,1101670,466862,0.6201785,0
928,1101670,357890,0.6186113,0
931,1101670,435252,0.61632484,0
920,1101670,200141,0.6132683,0
907,1101670,23414,0.60487175,0
903,1101670,636,0.6044647,0
908,1101670,28655,0.59775186,0
910,1101670,44009,0.5529438,0
917,1101670,166907,0.5506456,0
934,1101670,477086,0.5343696,0
914,1101670,134877,0.53383833,0
890,1101668,282602,0.7100805,1
885,1101668,248980,0.6967591,1
879,1101668,214139,0.68748987,1
895,1101668,380752,0.6860691,1
878,1101668,208003,0.68506986,1
872,1101668,63325,0.6815564,1
883,1101668,239317,0.68022776,1
900,1101668,477658,0.6801737,1
896,1101668,410266,0.6733044,1
880,1101668,216484,0.6698377,1
886,1101668,252163,0.6694116,1
899,1101668,477309,0.66883427,1
881,1101668,218950,0.6676032,1
893,1101668,346382,0.66215533,1
887,1101668,257677,0.66012895,1
884,1101668,243759,0.6575232,1
898,1101668,449432,0.6500171,1
888,1101668,260456,0.6486785,1
889,1101668,263989,0.64686036,1
874,1101668,100836,0.64290607,1
873,1101668,80589,0.6341183,0
875,1101668,122677,0.6303283,0
894,1101668,354483,0.6234921,0
901,1101668,494068,0.61943364,0
871,1101668,21132,0.6157517,0
891,1101668,301370,0.6103516,0
882,1101668,224266,0.5982924,0
877,1101668,206345,0.58625567,0
897,1101668,445347,0.5789446,0
892,1101668,323793,0.5418691,0
876,1101668,155630,0.51679826,0
859,1101661,314604,0.7245225,1
869,1101661,456101,0.68044484,1
842,1101661,27448,0.6647448,1
841,1101661,22757,0.66101426,1
849,1101661,188631,0.65856475,1
860,1101661,353763,0.6541029,1
854,1101661,284939,0.65031576,1
862,1101661,375218,0.64993423,1
846,1101661,118618,0.64356714,1
840,1101661,9075,0.6427934,1
853,1101661,283340,0.6407398,1
867,1101661,445317,0.6359537,0
850,1101661,198960,0.63140905,0
855,1101661,290047,0.63056165,0
839,1101661,8504,0.61925346,0
856,1101661,298382,0.61883837,0
864,1101661,424072,0.6147828,0
868,1101661,453146,0.6098792,0
843,1101661,30229,0.6007766,0
865,1101661,434105,0.59927124,0
852,1101661,263023,0.5907961,0
851,1101661,230234,0.58717287,0
863,1101661,390080,0.58214724,0
861,1101661,363608,0.58112156,0
870,1101661,465184,0.57649773,0
845,1101661,116418,0.56587404,0
848,1101661,183562,0.5657958,0
857,1101661,301816,0.56350803,0
847,1101661,176211,0.56170756,0
866,1101661,435884,0.55533546,0
844,1101661,32119,0.5522614,0
858,1101661,309520,0.5270484,0
814,1101576,33788,0.68038726,1
833,1101576,440256,0.66918856,1
821,1101576,204516,0.66688067,1
837,1101576,448200,0.6660242,1
834,1101576,445074,0.66539013,1
830,1101576,427245,0.65930337,1
836,1101576,447656,0.655594,1
828,1101576,384234,0.64938664,1
827,1101576,378233,0.64800555,1
820,1101576,174273,0.6463348,1
826,1101576,360850,0.6440649,1
829,1101576,408852,0.64329225,1
824,1101576,279110,0.640333,1
825,1101576,321001,0.6392185,0
822,1101576,234861,0.6374748,0
818,1101576,164099,0.6359761,0
823,1101576,252230,0.63557196,0
831,1101576,428773,0.632848,0
832,1101576,430876,0.629312,0
816,1101576,46134,0.6282618,0
815,1101576,39401,0.62516856,0
838,1101576,457125,0.6056173,0
813,1101576,31722,0.60463107,0
817,1101576,138404,0.5963347,0
819,1101576,172096,0.5829979,0
835,1101576,446452,0.5657674,0
802,1101566,374864,0.7265773,1
812,1101566,468155,0.69561726,1
800,1101566,316495,0.69301564,1
799,1101566,290692,0.68936455,1
804,1101566,387642,0.6868001,1
805,1101566,399914,0.6851272,1
790,1101566,124134,0.68029785,1
782,1101566,48019,0.67630273,1
786,1101566,82527,0.673852,1
783,1101566,49101,0.6701008,1
789,1101566,121070,0.6697438,1
794,1101566,171993,0.6648364,1
803,1101566,379898,0.66332906,1
780,1101566,17561,0.66281843,1
809,1101566,435393,0.65522945,1
793,1101566,163258,0.65269184,1
798,1101566,261409,0.6522809,1
785,1101566,75970,0.64770937,1
806,1101566,402946,0.64641374,1
810,1101566,446167,0.64638436,1
787,1101566,83613,0.6428241,1
807,1101566,407798,0.6320222,0
797,1101566,241877,0.6309355,0
808,1101566,415604,0.6267537,0
792,1101566,145385,0.62651175,0
795,1101566,200198,0.6182627,0
781,1101566,21376,0.61182946,0
796,1101566,231016,0.6077265,0
788,1101566,100873,0.6010367,0
811,1101566,463877,0.59754145,0
801,1101566,374793,0.5768695,0
784,1101566,51165,0.5695603,0
791,1101566,136832,0.55586785,0
763,1101552,253821,0.6390675,0
759,1101552,86639,0.63857955,0
779,1101552,483430,0.6345969,0
775,1101552,417181,0.6325146,0
758,1101552,53849,0.6322484,0
761,1101552,107414,0.62835723,0
767,1101552,328474,0.6264684,0
773,1101552,381193,0.6133657,0
774,1101552,392742,0.60584223,0
766,1101552,296663,0.6004055,0
770,1101552,339023,0.59168065,0
771,1101552,348770,0.59153545,0
777,1101552,441127,0.58844876,0
755,1101552,18809,0.58680624,0
762,1101552,132794,0.58624387,0
757,1101552,39761,0.58020973,0
764,1101552,258320,0.5796178,0
768,1101552,335284,0.57762456,0
754,1101552,10670,0.57159686,0
765,1101552,274115,0.55792814,0
756,1101552,38202,0.556416,0
760,1101552,95704,0.5499191,0
776,1101552,431801,0.54626364,0
778,1101552,466657,0.54476136,0
772,1101552,355979,0.54313976,0
769,1101552,335350,0.5298115,0
753,1101552,8041,0.5252756,0
717,1101535,8685,0.74298275,1
737,1101535,269713,0.69717044,1
724,1101535,90302,0.68280774,1
727,1101535,116974,0.6791809,1
741,1101535,338325,0.67738265,1
736,1101535,236891,0.66641116,1
744,1101535,362679,0.6643681,1
752,1101535,465771,0.66355073,1
723,1101535,78590,0.66233516,1
726,1101535,111758,0.6620693,1
743,1101535,352279,0.6606187,1
749,1101535,442534,0.6567964,1
746,1101535,366322,0.653997,1
733,1101535,199800,0.6535642,1
745,1101535,364543,0.648082,1
732,1101535,192388,0.64734447,1
722,1101535,47333,0.64628935,1
747,1101535,369899,0.64570373,1
739,1101535,283858,0.6378157,0
720,1101535,11785,0.6361299,0
742,1101535,339761,0.6355526,0
734,1101535,202915,0.63437927,0
735,1101535,215728,0.62584084,0
738,1101535,271739,0.62573266,0
718,1101535,8756,0.6244295,0
750,1101535,448055,0.6184299,0
729,1101535,137425,0.611852,0
719,1101535,10467,0.60785854,0
731,1101535,150869,0.6076447,0
721,1101535,38948,0.6034373,0
751,1101535,458136,0.6004221,0
730,1101535,147412,0.5975028,0
725,1101535,101221,0.5899833,0
740,1101535,331752,0.5720267,0
748,1101535,395049,0.54033965,0
728,1101535,137105,0.5388451,0
708,1101531,419922,0.71515405,1
687,1101531,83880,0.7125408,1
706,1101531,396920,0.70353335,1
699,1101531,316228,0.69807947,1
712,1101531,462384,0.6952549,1
684,1101531,4762,0.68814117,1
696,1101531,223823,0.6840303,1
702,1101531,372465,0.6840287,1
713,1101531,465998,0.6834861,1
688,1101531,84533,0.6794744,1
692,1101531,148647,0.6784877,1
711,1101531,451860,0.6752705,1
707,1101531,419372,0.6734475,1
714,1101531,468352,0.6682994,1
686,1101531,39826,0.66786903,1
689,1101531,98142,0.66072863,1
690,1101531,106271,0.6594456,1
700,1101531,317033,0.6561554,1
704,1101531,392440,0.65500474,1
698,1101531,301902,0.65189743,1
710,1101531,445095,0.6503829,1
694,1101531,174932,0.6460504,1
703,1101531,382352,0.6453696,1
691,1101531,138435,0.6422133,1
705,1101531,392619,0.63235295,0
715,1101531,469293,0.63180804,0
697,1101531,268901,0.6282227,0
685,1101531,38188,0.6226176,0
709,1101531,429777,0.6155885,0
701,1101531,327845,0.61113507,0
716,1101531,471270,0.5926486,0
693,1101531,153942,0.5813831,0
695,1101531,195674,0.5574107,0
657,1101503,62101,0.7230897,1
658,1101503,98407,0.7129437,1
653,1101503,33503,0.690397,1
673,1101503,360303,0.6813488,1
655,1101503,49095,0.6747892,1
654,1101503,37626,0.6690663,1
675,1101503,376308,0.66564685,1
665,1101503,204538,0.6654664,1
662,1101503,169635,0.6625723,1
668,1101503,277729,0.6599038,1
656,1101503,57738,0.6544021,1
669,1101503,300710,0.65370387,1
681,1101503,459919,0.65318197,1
661,1101503,168121,0.65215397,1
660,1101503,130534,0.64763045,1
663,1101503,175907,0.6474764,1
682,1101503,463862,0.64309436,1
672,1101503,342610,0.6398614,0
664,1101503,195555,0.634642,0
666,1101503,214879,0.6342867,0
671,1101503,334597,0.6312959,0
670,1101503,302925,0.6300576,0
659,1101503,104697,0.6299661,0
680,1101503,429040,0.62812394,0
667,1101503,265096,0.6260928,0
676,1101503,383116,0.6246205,0
678,1101503,414998,0.62370676,0
677,1101503,396205,0.62348086,0
679,1101503,425585,0.6136619,0
683,1101503,475200,0.60107386,0
674,1101503,373824,0.5886146,0
637,1101466,218906,0.76375943,1
639,1101466,244629,0.7053945,1
649,1101466,339804,0.70075303,1
634,1101466,160501,0.7006218,1
626,1101466,5340,0.69356644,1
631,1101466,137454,0.6930725,1
650,1101466,353564,0.6873296,1
642,1101466,269779,0.6785175,1
636,1101466,206695,0.6779023,1
635,1101466,201606,0.67761296,1
630,1101466,122201,0.67577714,1
646,1101466,324272,0.6756332,1
629,1101466,85318,0.66945666,1
638,1101466,240390,0.66892177,1
640,1101466,245278,0.66692144,1
644,1101466,294005,0.66079116,1
633,1101466,147668,0.65933675,1
652,1101466,441576,0.65364814,1
651,1101466,385914,0.6529759,1
647,1101466,332715,0.652047,1
628,1101466,61875,0.64177233,1
632,1101466,145881,0.6156255,0
643,1101466,273309,0.60829663,0
648,1101466,338540,0.5931046,0
641,1101466,259012,0.58238584,0
645,1101466,314280,0.52465147,0
627,1101466,39784,0.51174647,0
595,1101448,33446,0.66761935,1
618,1101448,441887,0.66454357,1
609,1101448,297082,0.6511803,1
615,1101448,393387,0.6485863,1
611,1101448,349299,0.63990176,0
612,1101448,351345,0.63347226,0
606,1101448,253487,0.63171065,0
616,1101448,423759,0.6292848,0
621,1101448,468757,0.6152417,0
625,1101448,497873,0.6106516,0
604,1101448,240194,0.61037105,0
598,1101448,71863,0.6087908,0
601,1101448,190891,0.60333276,0
602,1101448,200831,0.60010684,0
613,1101448,382781,0.59913474,0
594,1101448,16633,0.5982922,0
608,1101448,291053,0.59580135,0
599,1101448,120270,0.5952629,0
600,1101448,146898,0.5933437,0
622,1101448,480129,0.58560133,0
597,1101448,53490,0.5774854,0
624,1101448,494576,0.5762696,0
610,1101448,323570,0.57072645,0
593,1101448,6427,0.5573411,0
607,1101448,259713,0.55185944,0
614,1101448,388209,0.54730445,0
623,1101448,482388,0.52139735,0
617,1101448,426749,0.51721,0
605,1101448,243908,0.5160221,0
619,1101448,446912,0.51533973,0
603,1101448,213072,0.5060454,0
596,1101448,46860,0.49885428,0
620,1101448,466796,0.48426008,0
572,1101443,135831,0.73523134,1
579,1101443,232797,0.7212717,1
571,1101443,129735,0.7195049,1
563,1101443,12090,0.69875026,1
589,1101443,452261,0.6913739,1
568,1101443,85963,0.6769761,1
564,1101443,27033,0.6726482,1
586,1101443,328601,0.6685838,1
587,1101443,333683,0.6672845,1
574,1101443,155042,0.66591054,1
581,1101443,252142,0.6637149,1
590,1101443,472053,0.65965974,1
582,1101443,265476,0.6594405,1
567,1101443,82781,0.65863496,1
566,1101443,33282,0.65333986,1
585,1101443,300576,0.65276116,1
578,1101443,232227,0.64737797,1
584,1101443,295903,0.6437655,1
577,1101443,229886,0.6358384,0
591,1101443,486506,0.6355257,0
592,1101443,495424,0.62955636,0
575,1101443,164912,0.6195681,0
580,1101443,248971,0.6125652,0
569,1101443,89429,0.59933203,0
576,1101443,219859,0.5883792,0
565,1101443,30404,0.58837736,0
573,1101443,139238,0.5735443,0
570,1101443,122843,0.55529344,0
588,1101443,446326,0.5087618,0
583,1101443,268895,0.39545932,0
558,1101374,415227,0.69071716,1
559,1101374,442412,0.681253,1
538,1101374,1611,0.6794489,1
554,1101374,328911,0.6684792,1
561,1101374,459435,0.667266,1
550,1101374,208130,0.66079456,1
541,1101374,111226,0.6606315,1
548,1101374,176376,0.6582306,1
552,1101374,224714,0.65605617,1
553,1101374,238146,0.65200734,1
549,1101374,179197,0.6479767,1
539,1101374,7213,0.6453997,1
544,1101374,118943,0.643755,1
555,1101374,347719,0.6421703,1
562,1101374,489778,0.6404498,1
557,1101374,397238,0.63974404,0
545,1101374,144355,0.63885623,0
540,1101374,48887,0.6328637,0
547,1101374,161879,0.62485284,0
556,1101374,383656,0.61264616,0
543,1101374,115974,0.60569537,0
542,1101374,112342,0.5991309,0
551,1101374,213660,0.58407223,0
546,1101374,145850,0.5436439,0
560,1101374,445929,0.4378945,0
535,1101341,471389,0.70980203,1
527,1101341,381222,0.6814743,1
519,1101341,283191,0.6810263,1
515,1101341,226801,0.6682936,1
534,1101341,469956,0.6606046,1
505,1101341,84495,0.65861374,1
520,1101341,288822,0.65803427,1
529,1101341,385973,0.6537317,1
533,1101341,418727,0.65228075,1
513,1101341,196766,0.6521677,1
506,1101341,101055,0.6495488,1
537,1101341,489119,0.6444237,1
521,1101341,292700,0.6395512,0
531,1101341,397429,0.63575965,0
524,1101341,346117,0.63506967,0
516,1101341,236992,0.633276,0
514,1101341,202420,0.63087153,0
509,1101341,115607,0.6300188,0
504,1101341,57637,0.62224567,0
510,1101341,150381,0.62047875,0
503,1101341,19033,0.62024146,0
508,1101341,113469,0.61899453,0
530,1101341,388624,0.61713916,0
507,1101341,107802,0.61535823,0
522,1101341,306835,0.61526597,0
525,1101341,372312,0.61468756,0
518,1101341,248718,0.6139974,0
526,1101341,378358,0.6078805,0
528,1101341,382031,0.6024127,0
532,1101341,404009,0.6024127,0
511,1101341,180057,0.5963601,0
536,1101341,481912,0.5926357,0
517,1101341,247648,0.58261496,0
512,1101341,191343,0.5773162,0
523,1101341,333606,0.51362705,0
482,1101300,143019,0.7207659,1
478,1101300,88597,0.66991395,1
494,1101300,353345,0.6697308,1
474,1101300,28377,0.66172516,1
484,1101300,151760,0.66041195,1
473,1101300,28159,0.65292543,1
490,1101300,234530,0.6484284,1
502,1101300,495503,0.64764524,1
479,1101300,89117,0.646362,1
471,1101300,14904,0.63870215,0
475,1101300,40991,0.6369984,0
486,1101300,180999,0.635255,0
477,1101300,47829,0.6338201,0
472,1101300,16521,0.63029283,0
489,1101300,208349,0.628859,0
488,1101300,200795,0.6283743,0
500,1101300,479966,0.62771606,0
485,1101300,168229,0.62717587,0
487,1101300,199310,0.61427426,0
497,1101300,396027,0.61218715,0
495,1101300,362296,0.6092503,0
496,1101300,378269,0.60921836,0
493,1101300,312674,0.59851444,0
480,1101300,120832,0.59547585,0
483,1101300,143819,0.5889835,0
481,1101300,122167,0.5857086,0
491,1101300,284670,0.5784486,0
499,1101300,454454,0.5744395,0
492,1101300,309900,0.5684626,0
501,1101300,485549,0.56591576,0
498,1101300,431876,0.55205065,0
476,1101300,42407,0.53554344,0
450,1101298,145703,0.711159,1
451,1101298,172683,0.68694586,1
464,1101298,387453,0.67246914,1
447,1101298,49412,0.6661711,1
470,1101298,477984,0.6594947,1
446,1101298,10415,0.6582573,1
469,1101298,470028,0.64650196,1
465,1101298,400810,0.6433419,1
445,1101298,9971,0.62532747,0
460,1101298,357929,0.62350184,0
467,1101298,452077,0.6232328,0
449,1101298,120291,0.61836827,0
448,1101298,97739,0.6167637,0
454,1101298,238931,0.61073446,0
455,1101298,246604,0.60957557,0
466,1101298,433382,0.60906756,0
468,1101298,462740,0.60706794,0
459,1101298,278486,0.5990155,0
462,1101298,371883,0.59698147,0
458,1101298,277879,0.581229,0
457,1101298,268127,0.57446826,0
453,1101298,218676,0.5739716,0
461,1101298,365160,0.5409728,0
452,1101298,183528,0.53105384,0
463,1101298,375279,0.49396393,0
456,1101298,247439,0.4806694,0
430,1101296,199317,0.72039676,1
442,1101296,463860,0.71774864,1
429,1101296,194460,0.6986476,1
420,1101296,44429,0.69053024,1
443,1101296,490563,0.681611,1
424,1101296,121454,0.6485756,1
434,1101296,249355,0.64016175,1
440,1101296,412296,0.63513947,0
427,1101296,184779,0.63125235,0
441,1101296,417934,0.62403667,0
439,1101296,402442,0.61434543,0
432,1101296,225511,0.61217904,0
418,1101296,123,0.6055613,0
421,1101296,56853,0.59972256,0
426,1101296,146909,0.59665704,0
423,1101296,110488,0.5945763,0
438,1101296,396031,0.5929997,0
419,1101296,953,0.589602,0
435,1101296,339075,0.58451986,0
444,1101296,498139,0.5832078,0
428,1101296,187141,0.57196355,0
437,1101296,370248,0.5608176,0
422,1101296,99582,0.5562375,0
431,1101296,213118,0.54810625,0
436,1101296,366428,0.5459642,0
425,1101296,122142,0.5362412,0
433,1101296,244516,0.5103332,0
404,1101282,241671,0.65922344,1
416,1101282,484432,0.639784,0
415,1101282,473001,0.6389285,0
392,1101282,38574,0.63309675,0
409,1101282,305635,0.6298884,0
400,1101282,118126,0.62807757,0
396,1101282,103839,0.6241307,0
395,1101282,92832,0.6213633,0
393,1101282,49384,0.6149104,0
394,1101282,87856,0.61430836,0
408,1101282,286475,0.61418235,0
412,1101282,400675,0.6098639,0
411,1101282,357107,0.60647225,0
403,1101282,203392,0.5949607,0
413,1101282,403174,0.5861309,0
401,1101282,142928,0.5846707,0
414,1101282,470017,0.5799169,0
390,1101282,21346,0.5728414,0
410,1101282,315623,0.5715738,0
406,1101282,259127,0.57113385,0
391,1101282,27047,0.56562203,0
417,1101282,492522,0.56374776,0
405,1101282,255888,0.56295747,0
398,1101282,110069,0.5554461,0
397,1101282,106641,0.55257404,0
399,1101282,110748,0.5082978,0
407,1101282,283584,0.50558424,0
402,1101282,184643,0.50278664,0
371,1101279,245341,0.6989438,1
384,1101279,417407,0.6408536,1
376,1101279,297300,0.62884295,0
369,1101279,223277,0.6188812,0
358,1101279,74652,0.6151024,0
378,1101279,331103,0.60688156,0
375,1101279,289142,0.6060132,0
365,1101279,190921,0.60251135,0
374,1101279,266114,0.59886754,0
387,1101279,476533,0.5963503,0
359,1101279,84529,0.5896946,0
366,1101279,196218,0.5896325,0
373,1101279,259375,0.58849645,0
362,1101279,155377,0.5862025,0
381,1101279,373839,0.5760009,0
364,1101279,181746,0.5715763,0
380,1101279,357083,0.5715751,0
370,1101279,240109,0.57053626,0
379,1101279,347678,0.5687372,0
360,1101279,114065,0.56109196,0
363,1101279,158475,0.56097865,0
386,1101279,464408,0.56018335,0
382,1101279,386666,0.5589663,0
372,1101279,246601,0.55679363,0
361,1101279,139526,0.5340304,0
357,1101279,70332,0.5335608,0
383,1101279,407469,0.5259943,0
385,1101279,451734,0.5228422,0
377,1101279,325829,0.51270854,0
389,1101279,497968,0.51270854,0
388,1101279,495128,0.5116817,0
368,1101279,217000,0.49652517,0
367,1101279,213339,0.48937878,0
356,1101279,9205,0.47709036,0
354,1101278,488574,0.7251829,1
336,1101278,211975,0.7130963,1
344,1101278,334566,0.7049732,1
327,1101278,14785,0.69990236,1
345,1101278,350181,0.6954361,1
353,1101278,442178,0.68830967,1
341,1101278,286626,0.67886,1
350,1101278,400344,0.6777738,1
342,1101278,304377,0.6662596,1
326,1101278,6739,0.66552603,1
333,1101278,180291,0.6613805,1
332,1101278,170327,0.6596585,1
343,1101278,330933,0.656507,1
348,1101278,384219,0.65361196,1
346,1101278,350335,0.6533275,1
331,1101278,163353,0.65077555,1
349,1101278,390020,0.6496405,1
335,1101278,211291,0.6489703,1
338,1101278,224504,0.6479094,1
330,1101278,155523,0.6442807,1
355,1101278,499345,0.64400023,1
351,1101278,420548,0.64343554,1
337,1101278,220154,0.6433422,1
328,1101278,33424,0.64056116,1
340,1101278,284040,0.63659006,0
329,1101278,50419,0.6212004,0
352,1101278,441777,0.6130946,0
334,1101278,204513,0.6055867,0
339,1101278,251813,0.5960387,0
347,1101278,362647,0.5781887,0
296,1101276,18340,0.6966902,1
306,1101276,117515,0.68323946,1
325,1101276,499368,0.68323946,1
313,1101276,221686,0.6816062,1
316,1101276,286317,0.6762834,1
319,1101276,297420,0.6711796,1
322,1101276,447006,0.6696876,1
304,1101276,78124,0.66910166,1
302,1101276,60942,0.665421,1
310,1101276,183765,0.66378784,1
314,1101276,226937,0.6624322,1
324,1101276,497585,0.660536,1
321,1101276,416926,0.66028076,1
323,1101276,490013,0.65986484,1
308,1101276,141605,0.6563974,1
318,1101276,289235,0.65621996,1
298,1101276,40975,0.6538388,1
315,1101276,250953,0.6487511,1
299,1101276,41827,0.646141,1
301,1101276,48256,0.6444674,1
317,1101276,288795,0.6408795,1
312,1101276,206138,0.6322561,0
300,1101276,46012,0.6279683,0
303,1101276,67332,0.62030023,0
309,1101276,155263,0.61783266,0
320,1101276,302055,0.6130368,0
311,1101276,194156,0.60326844,0
307,1101276,125382,0.59898585,0
305,1101276,112399,0.57281095,0
297,1101276,20723,0.5693577,0
288,1101271,393979,0.706098,1
278,1101271,322801,0.67153114,1
277,1101271,291475,0.67095894,1
284,1101271,372562,0.6598872,1
264,1101271,119903,0.64963216,1
275,1101271,278831,0.6483185,1
274,1101271,247337,0.64736617,1
282,1101271,366527,0.6399412,0
280,1101271,352609,0.6397015,0
257,1101271,38900,0.63816303,0
290,1101271,422686,0.63807935,0
266,1101271,163828,0.6312032,0
269,1101271,183799,0.62950116,0
259,1101271,47929,0.6193581,0
272,1101271,205332,0.61689126,0
285,1101271,385540,0.61528385,0
258,1101271,43840,0.6122606,0
268,1101271,174556,0.607687,0
263,1101271,92698,0.60609597,0
270,1101271,198312,0.60574335,0
287,1101271,393399,0.60507137,0
271,1101271,205043,0.597647,0
292,1101271,470254,0.5968426,0
262,1101271,92582,0.5921436,0
276,1101271,278980,0.5912043,0
283,1101271,368720,0.5897728,0
267,1101271,168489,0.5869155,0
273,1101271,224097,0.5862278,0
294,1101271,482220,0.5817396,0
261,1101271,66749,0.5794475,0
265,1101271,146309,0.56847936,0
293,1101271,471351,0.5497984,0
291,1101271,437962,0.54243374,0
279,1101271,333878,0.5414488,0
260,1101271,56554,0.51403546,0
281,1101271,363257,0.49790725,0
286,1101271,388227,0.48929852,0
289,1101271,409023,0.4677743,0
295,1101271,494767,0.43797058,0
253,1101259,430268,0.7431435,1
233,1101259,20293,0.7275346,1
237,1101259,64102,0.72474045,1
238,1101259,98024,0.7134626,1
240,1101259,132324,0.69583523,1
249,1101259,355646,0.68814874,1
250,1101259,379103,0.6690122,1
247,1101259,289965,0.65570515,1
235,1101259,46500,0.6535224,1
232,1101259,14067,0.65343654,1
246,1101259,284950,0.6509625,1
244,1101259,242184,0.644894,1
252,1101259,415751,0.6402657,1
248,1101259,324760,0.6398965,0
256,1101259,464857,0.636873,0
234,1101259,43980,0.62480503,0
236,1101259,49084,0.62436205,0
255,1101259,444082,0.6110104,0
251,1101259,393398,0.6078225,0
243,1101259,197342,0.59760624,0
241,1101259,173609,0.5974535,0
239,1101259,116621,0.58451414,0
245,1101259,270151,0.5712431,0
242,1101259,188056,0.5685329,0
254,1101259,440315,0.4958105,0
229,1101236,468775,0.7806534,1
226,1101236,421693,0.7660836,1
209,1101236,243234,0.63788074,0
224,1101236,386679,0.63145363,0
205,1101236,161999,0.63038814,0
210,1101236,244548,0.6270661,0
221,1101236,363193,0.62068397,0
199,1101236,61151,0.6164796,0
198,1101236,13790,0.60144895,0
228,1101236,462141,0.59565616,0
215,1101236,291255,0.590855,0
202,1101236,136237,0.59037477,0
207,1101236,235050,0.5876089,0
203,1101236,142454,0.5731333,0
222,1101236,365935,0.5692295,0
204,1101236,142734,0.56737125,0
211,1101236,273442,0.5649834,0
214,1101236,288110,0.56307244,0
227,1101236,423259,0.561146,0
213,1101236,283808,0.56108135,0
208,1101236,236427,0.55880576,0
220,1101236,346151,0.5576128,0
225,1101236,418027,0.5556407,0
200,1101236,103742,0.547847,0
223,1101236,379950,0.5459244,0
217,1101236,320835,0.5458186,0
219,1101236,341232,0.526288,0
218,1101236,340225,0.52346367,0
231,1101236,496803,0.51319164,0
230,1101236,492290,0.51171035,0
201,1101236,118276,0.50618434,0
206,1101236,228980,0.5011483,0
197,1101236,5283,0.47040936,0
216,1101236,313413,0.4686777,0
212,1101236,278199,0.45882472,0
192,1101228,412438,0.6796688,1
195,1101228,480141,0.66401154,1
174,1101228,46229,0.66086096,1
186,1101228,214379,0.6524775,1
175,1101228,47011,0.63799703,0
182,1101228,160528,0.63685817,0
171,1101228,369,0.63147825,0
188,1101228,276065,0.6242529,0
190,1101228,379547,0.6227689,0
189,1101228,312811,0.6210089,0
172,1101228,6981,0.62031454,0
180,1101228,122397,0.61394197,0
176,1101228,62881,0.61149883,0
194,1101228,469256,0.61091214,0
187,1101228,274027,0.60083437,0
193,1101228,462485,0.5976332,0
179,1101228,92122,0.59676605,0
185,1101228,207239,0.59580666,0
181,1101228,130046,0.59541315,0
183,1101228,183200,0.5923926,0
196,1101228,481966,0.58226615,0
177,1101228,65220,0.57911134,0
191,1101228,380781,0.56165004,0
178,1101228,78939,0.5575927,0
184,1101228,194063,0.54916495,0
173,1101228,11440,0.51656556,0
152,1101214,231228,0.68383455,1
161,1101214,395976,0.6584404,1
156,1101214,308825,0.650431,1
139,1101214,78266,0.6454661,1
137,1101214,34706,0.6378513,0
165,1101214,464419,0.63397217,0
146,1101214,176349,0.6332401,0
153,1101214,273683,0.6318688,0
170,1101214,489096,0.6286041,0
158,1101214,348977,0.62811023,0
159,1101214,350696,0.62464356,0
163,1101214,400887,0.6242998,0
155,1101214,295262,0.62354136,0
147,1101214,188401,0.62081206,0
136,1101214,32677,0.6162201,0
141,1101214,85507,0.6113316,0
154,1101214,277225,0.60781634,0
142,1101214,90550,0.60721135,0
140,1101214,84078,0.6066422,0
138,1101214,76020,0.60337055,0
157,1101214,330618,0.6007296,0
145,1101214,166902,0.60038257,0
143,1101214,101556,0.5948788,0
169,1101214,471838,0.5948788,0
149,1101214,212042,0.5905304,0
162,1101214,398606,0.580231,0
144,1101214,144059,0.5735234,0
164,1101214,449882,0.5707821,0
148,1101214,199777,0.563788,0
160,1101214,367673,0.56352806,0
166,1101214,465720,0.5587219,0
150,1101214,214405,0.55042976,0
168,1101214,471400,0.5365341,0
151,1101214,227612,0.52661324,0
167,1101214,470893,0.52661324,0
131,1101211,421003,0.7277869,1
114,1101211,175871,0.71641165,1
109,1101211,116498,0.699132,1
126,1101211,321004,0.6852347,1
124,1101211,280982,0.67899436,1
123,1101211,280244,0.67386526,1
108,1101211,82696,0.6676871,1
116,1101211,192154,0.66483957,1
107,1101211,54782,0.66147244,1
134,1101211,470736,0.6565463,1
118,1101211,230957,0.653563,1
119,1101211,242312,0.6480292,1
128,1101211,348487,0.63023835,0
115,1101211,175964,0.62856525,0
120,1101211,243571,0.6267952,0
135,1101211,499242,0.62620246,0
121,1101211,259490,0.6254745,0
117,1101211,230375,0.6242365,0
129,1101211,369581,0.6196416,0
106,1101211,48273,0.6180914,0
112,1101211,142178,0.6052942,0
122,1101211,276259,0.59997076,0
133,1101211,437728,0.59553635,0
105,1101211,21810,0.5801017,0
132,1101211,429404,0.57539725,0
113,1101211,161677,0.5735917,0
125,1101211,300342,0.5483995,0
110,1101211,124560,0.5392423,0
130,1101211,374199,0.53605556,0
104,1101211,15889,0.5343896,0
127,1101211,332574,0.5030451,0
111,1101211,133124,0.5027672,0
86,1101173,255878,0.7367959,1
77,1101173,108528,0.681937,1
95,1101173,365669,0.6698637,1
84,1101173,243975,0.66872126,1
81,1101173,205919,0.6686552,1
89,1101173,288083,0.6633777,1
103,1101173,498471,0.6607254,1
79,1101173,154458,0.65990907,1
87,1101173,257771,0.6591731,1
85,1101173,253283,0.6577958,1
102,1101173,496044,0.6522944,1
75,1101173,104470,0.6453546,1
76,1101173,107661,0.64454263,1
71,1101173,16388,0.6429117,1
97,1101173,381619,0.6424503,1
92,1101173,306767,0.6385284,0
70,1101173,15061,0.6371561,0
94,1101173,340420,0.63544035,0
99,1101173,437238,0.63295853,0
98,1101173,429330,0.6320383,0
93,1101173,310141,0.62698835,0
69,1101173,9180,0.62664944,0
101,1101173,490054,0.6260314,0
100,1101173,469997,0.62346464,0
73,1101173,73530,0.62255347,0
91,1101173,290314,0.6207907,0
72,1101173,58682,0.62061113,0
88,1101173,271078,0.61676115,0
74,1101173,99500,0.6135496,0
96,1101173,366688,0.61334395,0
90,1101173,288546,0.6127059,0
82,1101173,225430,0.6032444,0
68,1101173,3031,0.6028347,0
78,1101173,126802,0.60239,0
80,1101173,158797,0.5895133,0
83,1101173,229527,0.5806026,0
48,1101172,183275,0.73900414,1
55,1101172,279000,0.6987015,1
57,1101172,325588,0.691745,1
62,1101172,362769,0.6738285,1
49,1101172,194058,0.6634287,1
65,1101172,454252,0.6530151,1
67,1101172,491946,0.6483581,1
46,1101172,137172,0.646349,1
56,1101172,284778,0.64037013,1
45,1101172,135372,0.63693583,0
41,1101172,21701,0.6312473,0
53,1101172,256197,0.6136099,0
51,1101172,213627,0.6066307,0
40,1101172,7950,0.60658824,0
59,1101172,334300,0.6063521,0
47,1101172,144507,0.6063207,0
64,1101172,395823,0.60446864,0
58,1101172,330546,0.60011595,0
61,1101172,360898,0.5943574,0
66,1101172,483810,0.59406435,0
44,1101172,105829,0.5939173,0
42,1101172,28721,0.58887047,0
39,1101172,2006,0.5686525,0
52,1101172,253388,0.5560031,0
50,1101172,211754,0.54946166,0
60,1101172,346797,0.54794985,0
63,1101172,390360,0.54344773,0
43,1101172,44985,0.54285365,0
54,1101172,268063,0.50601935,0
27,1101171,349664,0.7387859,1
23,1101171,280475,0.71144485,1
15,1101171,109238,0.7021354,1
17,1101171,125526,0.7000596,1
31,1101171,418165,0.69722193,1
33,1101171,424619,0.6929052,1
22,1101171,268259,0.6913764,1
28,1101171,371875,0.684238,1
37,1101171,465724,0.6815027,1
24,1101171,294089,0.6666529,1
34,1101171,426109,0.66397613,1
13,1101171,67231,0.66350675,1
32,1101171,419533,0.6610359,1
20,1101171,203045,0.6605269,1
14,1101171,86763,0.6558483,1
21,1101171,248293,0.65543234,1
18,1101171,154896,0.6529448,1
38,1101171,467629,0.64621884,1
36,1101171,455646,0.64094555,1
35,1101171,448069,0.6386124,0
19,1101171,179378,0.63752687,0
25,1101171,297867,0.6363628,0
29,1101171,391729,0.63297445,0
30,1101171,408065,0.63285816,0
12,1101171,52626,0.6296868,0
26,1101171,311269,0.62228376,0
11,1101171,26946,0.61891544,0
16,1101171,112442,0.6097952,0
6,1101131,326272,0.65344393,1
8,1101131,367967,0.6514797,1
2,1101131,143130,0.6474059,1
3,1101131,198957,0.647005,1
7,1101131,362320,0.6448908,1
5,1101131,299928,0.64098823,1
10,1101131,492381,0.6024127,0
4,1101131,224008,0.5463609,0
0,1101131,23104,0.5400376,0
1,1101131,134530,0.49328783,0
9,1101131,406604,0.48532057,0
